﻿.,78
1,e09b
2,f582
3,ed4c
4,e911
5,e51e
6,e359
7,e7f5
8,f0c5
9,ebc8
0,e2bc
店,e2f7
中,f0d6
美,e410
家,e20b
馆,f24d
小,f205
车,e5ee
大,eb10
市,e80e
公,e013
酒,e21a
行,ecbc
国,eaee
品,efb1
发,e4ad
电,ec4f
金,ec8a
心,e21d
业,eb6b
商,e8dd
司,f27e
超,f094
生,f6f2
装,f4a7
园,f32a
场,f321
食,f084
有,e596
新,eddd
限,eb75
天,e732
面,e758
工,e20e
服,f70b
海,e546
华,f740
水,f6ac
房,e0ff
饰,e428
城,f489
乐,f4de
汽,ee04
香,e16b
部,e968
利,f81b
子,e276
老,f517
艺,e1a5
花,f45f
专,e365
东,f1d3
肉,f6b0
菜,f063
学,e554
福,ef0b
饭,e873
人,f162
百,f583
餐,e23c
茶,e24c
务,ed9a
通,e634
味,f6fd
所,ec9c
山,e0d3
区,eca2
门,e3c4
药,efa2
银,e89f
农,f478
龙,ef6d
停,f4fc
尚,f77d
安,ef04
广,ed8d
鑫,e53a
一,effe
容,eb53
动,f018
南,e3a2
具,ea1c
源,f4a3
兴,e7d1
鲜,ecff
记,e55e
时,f070
机,f020
烤,eb5c
文,f660
康,e43c
信,f14f
果,ed1c
阳,e1b0
理,ecb3
锅,f4dd
宝,f2b3
达,f4eb
地,f8b7
儿,ee51
衣,f780
特,f37a
产,f115
西,e224
批,f5a1
坊,e414
州,eb4a
牛,ef95
佳,e629
化,e908
五,f73a
米,eb94
修,f49a
爱,e001
北,e477
养,ed72
卖,e941
建,e756
材,ebff
三,f21f
会,f002
鸡,f38e
室,e312
红,f2a3
站,f4ee
德,e0e7
王,f021
光,ebe5
名,e16e
丽,f836
油,f7a4
院,f0ea
堂,f835
烧,e5fb
江,e64e
社,f159
合,ee90
星,e32e
货,f734
型,e5b1
村,f0af
自,f164
科,ed0e
快,e7ae
便,ea47
日,e9c3
民,e4cd
营,e93f
和,ebbd
活,f362
童,f496
明,e236
器,f709
烟,f35f
育,f0ee
宾,e898
精,e23a
屋,e5a4
经,f692
居,e6d6
庄,e308
石,e231
顺,e2c7
林,f1e6
尔,e274
县,e6ce
手,f80a
厅,e541
销,f5f9
用,e37a
好,f3be
客,f036
火,eb80
雅,e592
盛,ed2d
体,ef61
旅,e9fd
之,f0d0
鞋,e7e8
辣,e03c
作,e30d
粉,e314
包,e29b
楼,ea2f
校,f2db
鱼,f11e
平,eed9
彩,ea85
上,e0b6
吧,e289
保,ef82
永,f42f
万,ebb9
物,ef41
教,e408
吃,e020
设,e4b7
医,eff8
正,e5bf
造,f84d
丰,f1dc
健,f1c2
点,e76e
汤,ef47
网,f1c0
庆,e36d
技,f192
斯,e582
洗,e4d1
料,e1d5
配,eb2d
汇,f5c3
木,f560
缘,e0cc
加,e5c3
麻,ea94
联,eaef
卫,e591
川,ea99
泰,f556
色,e3d4
世,ec51
方,e277
寓,eb8b
风,eb62
幼,e83e
羊,ee49
烫,e6e0
来,ee0c
高,f4b2
厂,f611
兰,ea0d
阿,f86f
贝,e5b8
皮,e66a
全,f4b5
女,e4bd
拉,f191
成,f2fb
云,e436
维,ee56
贸,f6aa
道,f55f
术,e127
运,f748
都,eadc
口,f5a3
博,e419
河,f35a
瑞,f65f
宏,ec90
京,eb48
际,f1f8
路,f1b0
祥,f3e6
青,e719
镇,e2ba
厨,e67d
培,e86e
力,eb96
惠,e723
连,e228
马,f237
鸿,e1af
钢,e9a6
训,e4ec
影,e664
甲,e295
助,f69f
窗,e2ad
布,e9a0
富,f70d
牌,f047
头,e988
四,f885
多,f858
妆,f261
吉,ef63
苑,f5f3
沙,e811
恒,f834
隆,ec88
春,eaf8
干,e6db
饼,e490
氏,e321
里,f141
二,e225
管,e49f
诚,f4fb
制,f15b
售,e4e5
嘉,e441
长,e2c5
轩,ed9b
杂,f037
副,ee1f
清,e950
计,e9f1
黄,e8ce
讯,e297
太,f615
鸭,f394
号,f6de
街,eadb
交,ed7b
与,f87b
叉,e167
附,eb2a
近,f890
层,e626
旁,ed8e
对,e8af
巷,ecb0
栋,e93e
环,f2d5
省,eb0b
桥,f329
湖,f78c
段,e269
乡,e391
厦,f2a2
府,e8dc
铺,e5e0
内,e20c
侧,eda7
元,ed76
购,ee31
前,f6a0
幢,e7b2
滨,f4f5
处,e791
向,f2fa
座,e031
下,e55a
県,f028
凤,ee07
港,f8c1
开,eabc
关,f04f
景,e4c6
泉,e4d9
塘,e50d
放,efe8
昌,e686
线,f0d8
湾,f1eb
政,eb41
步,f5e6
宁,ee7b
解,e543
白,f776
田,e830
町,e762
溪,e1bd
十,f081
八,eb54
古,f646
双,e0f2
胜,f666
本,ebfb
单,e30f
同,e19b
九,e9ac
迎,e8a4
第,f3e2
台,f1da
玉,e26f
锦,e1e5
底,e894
后,e4dd
七,e448
斜,e109
期,eaad
武,f109
岭,e625
松,ec0e
角,e84b
纪,f20c
朝,f57e
峰,f0e6
六,e2b9
振,e22f
珠,e7e3
局,f087
岗,ecbf
洲,f01a
横,e8d6
边,e617
济,e7ec
井,edaa
办,ec35
汉,f022
代,f4c7
临,ee14
弄,e463
团,e09e
外,f226
塔,e3a1
杨,f55c
铁,eae7
浦,eee8
字,ebf8
年,e8fb
岛,e040
陵,ef1b
原,f2d2
梅,e74e
进,f1ca
荣,f658
友,e62b
虹,ebee
央,e343
桂,f2c5
沿,e1c6
事,e35b
津,effc
凯,e951
莲,f641
丁,f844
秀,f2eb
柳,f8eb
集,e63b
紫,e061
旗,f34b
张,e6e4
谷,f230
的,ea3f
是,ebb2
不,e7a1
了,f809
很,f0bb
还,f8b3
个,e2f6
也,e335
这,f4ef
我,f515
就,e390
在,e6be
以,ece2
可,f47f
到,e2a4
错,ecf4
没,eab4
去,ee58
过,ec23
感,eeca
次,efb9
要,e7eb
比,e944
觉,e211
看,f14e
得,f28a
说,e453
常,ef9b
真,ee42
们,f2fd
但,e69f
最,ed4f
喜,f812
哈,f7c1
么,e486
别,f1de
位,f0c6
能,ec59
较,e846
境,e960
非,e8e6
为,f7ea
欢,ef9e
然,efb5
他,e026
挺,ec56
着,f25b
价,f509
那,e028
意,ea0b
种,e1cd
想,e46e
出,f309
员,eed1
两,ec75
推,e967
做,eac9
排,ea4d
实,ee39
分,f78d
间,f14b
甜,e4bb
度,f813
起,e2b7
满,e92f
给,eaa3
热,e218
完,eb5d
格,ef2b
荐,ed08
喝,e8b3
等,ebbf
其,eaa5
再,e393
几,eba4
只,f3bc
现,ec6f
朋,e191
候,f06c
样,eeba
直,e4b8
而,f48a
买,eca6
于,f4cb
般,f3b3
豆,ed3b
量,e989
选,eea7
奶,e6ed
打,f788
每,e990
评,eaf1
少,e8e9
算,f43a
又,e4d2
因,f76d
情,ea02
找,e69d
些,e01b
份,e7ab
置,ef42
适,ea08
什,ec4c
蛋,ebc5
师,e168
气,ef9f
你,e9fa
姐,ecfe
棒,e797
试,e54e
总,f031
定,e17f
啊,e1e4
足,e8c8
级,ea33
整,ee45
带,f4e7
虾,f774
如,f50e
态,f0ab
且,f741
尝,f71a
主,e3c3
话,f5c2
强,ec70
当,e2e4
更,f31e
板,e2bf
知,f3b0
己,f56d
无,f119
酸,e00b
让,f8b0
入,e647
啦,f0ae
式,e5fd
笑,f431
赞,f10a
片,f59e
酱,f4e0
差,e5e4
像,ee3a
提,f007
队,e2c8
走,e52d
嫩,e866
才,e469
刚,ebe9
午,e416
接,e024
重,f668
串,ed57
回,e5d0
晚,f3bb
微,ee5f
周,e36b
值,f32f
费,ede9
性,e0b9
桌,e6aa
拍,e4b1
跟,e34b
块,e930
调,f340
糕,e47b
