﻿.,78
1,e5b2
2,ec82
3,e160
4,e108
5,ef78
6,eca7
7,e29b
8,ea2c
9,f680
0,f1c3
店,e1ce
中,f419
美,f160
家,eece
馆,e4a6
小,e423
车,e46e
大,f8da
市,e156
公,ee17
酒,f7b5
行,eeb7
国,e0de
品,e3d4
发,f0ea
电,f6a1
金,e326
心,f309
业,eac0
商,ee53
司,e9a3
超,f456
生,eea9
装,f64a
园,e8dd
场,f7fa
食,e09d
有,f2e3
新,e017
限,ee76
天,e259
面,e71a
工,efbc
服,f7f8
海,e022
华,eefe
水,e0c2
房,e933
饰,ebaa
城,e367
乐,ee16
汽,e8ff
香,ee09
部,ef8c
利,e723
子,e6af
老,f31b
艺,f7d1
花,e8ad
专,e57a
东,ea00
肉,ede7
菜,f719
学,eaa3
福,e1f9
饭,f0d1
人,ef99
百,f22c
餐,e804
茶,e6d7
务,e444
通,f2d5
味,f05c
所,ea99
山,e3af
区,e554
门,e614
药,e7de
银,ec96
农,e790
龙,e714
停,e701
尚,ecd7
安,e2a5
广,e970
鑫,ee2e
一,f12b
容,e13f
动,e48c
南,ee8c
具,e018
源,e179
兴,e16d
鲜,f538
记,f5d1
时,f750
机,e51a
烤,e5bb
文,f040
康,f844
信,e4b5
果,e6c9
阳,f52d
理,ea75
锅,e668
宝,f1ea
达,e1d9
地,f74c
儿,ed22
衣,f22e
特,f490
产,ecc1
西,f6a8
批,f23b
坊,ea17
州,f4d9
牛,edab
佳,e0d7
化,f2e6
五,f781
米,e3e8
修,f8f3
爱,f5ee
北,f0ab
养,e3b5
卖,ec5c
建,f21e
材,ef2e
三,eb1b
会,e3ee
鸡,f5ba
室,f454
红,ec12
站,e32f
德,f75d
王,f1b8
光,e682
名,ead2
丽,e0cb
油,e054
院,e754
堂,f2e9
烧,f739
江,e81d
社,edcd
合,ebad
星,e776
货,e209
型,e593
村,f6e2
自,e5b0
科,e5be
快,e781
便,f520
日,f2c5
民,e136
营,ed56
和,f241
活,e0f3
童,eacb
明,e52e
器,f6b6
烟,ed43
育,ee75
宾,e1a6
精,e47e
屋,f80f
经,f684
居,e765
庄,f45b
石,f7a2
顺,e802
林,e425
尔,f717
县,efaa
手,e16a
厅,e68b
销,ec7a
用,f7e4
好,e8f1
客,e52c
火,ef72
雅,f40e
盛,efc4
体,ead0
旅,e462
之,eb7f
鞋,e255
辣,f0d2
作,ea37
粉,f667
包,f209
楼,eaa1
校,e183
鱼,e24e
平,f27a
彩,e035
上,e178
吧,f335
保,e681
永,ece0
万,ec62
物,e5ce
教,ed53
吃,ed8f
设,e70f
医,ee18
正,ef9a
造,f329
丰,eecc
健,e56c
点,f436
汤,eb3e
网,f2d2
庆,e05a
技,f240
斯,ebc9
洗,e155
料,eb69
配,ea47
汇,f3d6
木,e3ac
缘,e0d3
加,f6ff
麻,f3cf
联,f498
卫,e4c4
川,e1cb
泰,e1d8
色,f516
世,e449
方,f082
寓,e486
风,e63b
幼,e72f
羊,f3b0
烫,e6b4
来,f109
高,e2c8
厂,e47f
兰,f3f6
阿,ee87
贝,ea93
皮,e4e2
全,e617
女,eb1c
拉,e5fc
成,f1c4
云,f321
维,f89d
贸,ea5d
道,f29d
术,ef49
运,e3b0
都,e7e0
口,e97a
博,e2d4
河,f428
瑞,f7da
宏,f39d
京,eea4
际,f127
路,e7f6
祥,eb15
青,e1f8
镇,e1c3
厨,e0df
培,ebf1
力,f420
惠,f296
连,e254
马,e44e
鸿,f36b
钢,e0e4
训,e494
影,e125
甲,f03e
助,e2fd
窗,f076
布,f2a1
富,f466
牌,e753
头,e55e
四,f7b8
多,f222
妆,ee7f
吉,ec41
苑,e2db
沙,e5f8
恒,ed89
隆,ea44
春,f030
干,ed4d
饼,ed3f
氏,f72d
里,f3cb
二,e7e7
管,e075
诚,e0a0
制,f825
售,f62e
嘉,e034
长,e9f2
轩,e7fc
杂,f811
副,eddd
清,e2a1
计,f79a
黄,eb5e
讯,e14c
太,ec03
鸭,e850
号,ed78
街,e960
交,e02e
与,f05a
叉,f451
附,f002
近,effd
层,e3a9
旁,e8ed
对,e14b
巷,ef1d
栋,f648
环,e5f4
省,f7c1
桥,e767
湖,f099
段,ebcd
乡,e871
厦,e9df
府,e5bf
铺,ea7d
内,e199
侧,ef80
元,f775
购,f343
前,e728
幢,f59f
滨,ed5d
处,f0ef
向,ed0d
座,e5d9
下,efd0
県,e001
凤,f297
港,f5ef
开,f4cc
关,ed81
景,e2c9
泉,e05e
塘,efba
放,e641
昌,f4b9
线,f0af
湾,ee6c
政,f395
步,e492
宁,e414
解,f043
白,e981
田,f7d5
町,ef07
溪,e22e
十,ef74
八,ef2d
古,e4df
双,e01a
胜,e771
本,eebd
单,f30e
同,e2a7
九,f7f2
迎,ed9c
第,f22d
台,f235
玉,e4ae
锦,e8d4
底,e4ef
后,f0ad
七,f52b
斜,e923
期,f1f0
武,e3a8
岭,f2c8
松,e0ee
角,e98b
纪,f8d8
朝,ef2c
峰,e9f0
六,ef5c
振,efb9
珠,e626
局,ec89
岗,eb16
洲,f0e9
横,f07e
边,e341
济,f442
井,f30d
办,e937
汉,f493
代,e111
临,f1ae
弄,f6f8
团,f2dd
外,e149
塔,ee82
杨,f54d
铁,ebd0
浦,e58e
字,e8e5
年,f49b
岛,f5be
陵,f85a
原,f787
梅,e204
进,e928
荣,e6b9
友,e570
虹,ecba
央,e48b
桂,f26d
沿,e0f9
事,e8eb
津,f174
凯,e348
莲,eca6
丁,f486
秀,e216
柳,e89c
集,f666
紫,e10c
旗,e72c
张,f3f0
谷,f078
的,e584
是,e8c8
不,e5bd
了,f24f
很,f0d0
还,f676
个,f10e
也,e844
这,eedb
我,f336
就,f7e9
在,e317
以,e390
可,f0bd
到,f1f5
错,ec43
没,f833
去,eb26
过,f4e9
感,e92f
次,f536
要,e96f
比,e8bb
觉,e3db
看,f529
得,eea2
说,f0d7
常,e840
真,f13d
们,e0aa
但,f3c6
最,f4d1
喜,ef08
哈,e1df
么,e5f6
别,f589
位,f3e2
能,f7e2
较,f543
境,ea5a
非,e5e5
为,e819
欢,e1f2
然,e251
他,e97f
挺,eff1
着,e735
价,ef9f
那,e0f4
意,ecf9
种,e603
想,e63a
出,eeaa
员,e4c8
两,f839
推,f2b3
做,f84d
排,efe7
实,e874
分,e9e5
间,e696
甜,eac6
度,f4cf
起,e69e
满,f74b
给,e721
热,e589
完,e7d2
格,e974
荐,e4b2
喝,f0a9
等,e869
其,e98f
再,e585
几,f5eb
只,eb2d
现,e63f
朋,eacf
候,e442
样,f7eb
直,f1da
而,e8f2
买,f57f
于,e683
般,e0b4
豆,ec59
量,e3aa
选,e27d
奶,f11f
打,e8c1
每,ea5b
评,e56d
少,eaf0
算,eff4
又,e416
因,e934
情,f211
找,e24b
些,f7bb
份,e940
置,ed1a
适,e9a2
什,f6f1
蛋,e580
师,f38f
气,e318
你,f3cd
姐,e221
棒,f870
试,f27f
总,ee56
定,e6cf
啊,f5c0
足,e2f3
级,e193
整,ea0c
带,e1dc
虾,e037
如,e803
态,ef18
且,e9ef
尝,e783
主,ea8f
话,e7a5
强,f34e
当,e996
更,f427
板,f183
知,ee80
己,e48e
无,f5c3
酸,e15e
让,eb29
入,f6db
啦,f8eb
式,f056
笑,f062
赞,e6f6
片,f780
酱,f2bc
差,e30b
像,f2d6
提,e4ce
队,ea42
走,e14f
嫩,f34d
才,f803
刚,e3a4
午,ef16
接,ea53
重,e7eb
串,e914
回,e2a3
晚,f397
微,ed5c
周,e5b9
值,f0f0
费,f4c0
性,e122
桌,ec75
拍,eb56
跟,e1b4
块,e972
调,f1fd
糕,e93e
